[   {"id": 1, "tipo": "jersey", "nombre": "Jersey Adictos a la Bici", "precio": 12500, "imagenes": "productos/adictos.jpg"},
    {"id": 2, "tipo": "jersey", "nombre": "Jersey Ballester Cicloturismo", "precio": 6000, "imagenes": "productos/ballester.jpg"},
    {"id": 3, "tipo": "jersey", "nombre": "Jersey Felix Cicloturismo", "precio": 7800, "imagenes": "productos/fenix.jpg"},
    {"id": 4, "tipo": "jersey", "nombre": "Jersey Mountain Bike", "precio": 2300, "imagenes": "productos/mountain.jpg"},
    {"id": 5, "tipo": "jersey", "nombre": "Jersey Respeta al Ciclista", "precio": 5600, "imagenes": "productos/respeta1.jpg"},
    {"id": 6, "tipo": "jersey", "nombre": "Jersey Respeta al Ciclista", "precio": 7000, "imagenes": "productos/respeta2.jpg"},
    {"id": 7, "tipo": "jersey", "nombre": "Jersey Team Liebres", "precio": 8000, "imagenes": "productos/teamliebres.jpg"}
]